{
  "_fv": 34,
  "_type": "overlay",
  "definition": {
    "priority": "NORMAL",
    "components": [
      {
        "type": "label",
        "data": {
          "text": "RPaint chargé !",
          "color": {
            "value": -13395712,
            "falpha": 0.0
          },
          "name": "RPaint chargé !",
          "x": 23,
          "y": 8
        }
      },
      {
        "type": "image",
        "data": {
          "image": "rpaint_crative_item_tab.png",
          "use1Xscale": false,
          "name": "rpaint_crative_item_tab.png",
          "x": 3,
          "y": 4
        }
      }
    ],
    "baseTexture": "",
    "overlayTarget": "MainMenu",
    "gridSettings": {
      "sx": 18,
      "sy": 18,
      "ox": 18,
      "oy": 18,
      "snapOnGrid": false
    }
  }
}